url,title,content
https://www.isbank.com.tr/hisse-senedi,Hisse (Pay) Senedi | Türkiye İş Bankası A.Ş.,"Hisse (Pay) senedi alım-satım emirlerinizi İşCep ve İnternet Şubesi üzerinden kolayca verebilirsiniz.
Verdiğiniz emirler, zaman önceliğine göre BIST sistemine iletilir ve BIST'de işleminiz gerçekleştiğinde sonuçlar İş Yatırım Menkul Değerler A.Ş. nezdindeki yatırım hesabınıza yansıtılır.
Vermiş olduğunuz alış emirlerinizde hisse (pay) senetleri, satış emirlerinizde de satış bedelleri, işlemin Borsa'da gerçekleşmesinden sonraki 2. işgünü (takas günü) yatırım hesabınıza geçmektedir. Takas gününü beklemeden gerçekleşen alış işlemi karşılığında satış emri ve satış işleminin takas tutarı karşılığı da alış emri verebilirsiniz.
Serbest fiyatlı alış emirlerinizde, işleminizle ilgili hesabınızda bulundurmanız gereken tutar hesaplanırken tavan fiyatı dikkate alınmaktadır. Serbest fiyatlı satış emirleri ise taban fiyattan Borsa’ya iletilir.
Emirlerinizi emir izleme ve değişiklik menüsünden takip edebilir, gerçekleşen işlemlerinizin gerçekleşme detaylarını görüntüleyebilir, henüz gerçekleşmemiş emirlerinizi ise şayet işlem yapmış olduğunuz kıymette aksi yönde bir tedbir uygulanmıyor ise iyileştirme/kötüleştirme/iptal seçenekleri ile yönetebilirsiniz."
https://www.isbank.com.tr/altin,Altın Hesabı - Altın Fiyatları - Altın Al/Sat | Türkiye İş Bankası A.Ş.,"Yoksa altınlarını hala yastık altında saklayanlardan mısınız? Onları güvenle saklamak ve yatırıma dönüştürmek için İş Bankası Altın Hesabı ile tanışın!
Altınlarınızı çalınma, kaybolma gibi risklere karşı korumak ve iyi bir yatırım aracı haline getirerek birikim yapmak için Altın Hesabı açmaya ne dersiniz? İş Bankası Altın Hesabı açılışı yaparak vadeli ya da vadesiz altın hesap seçeneklerinden biriyle birikim yapmaya başlayabilirsiniz. Birikiminize daha fazla değer katmak için altının yükselişinden ve faiz oranlarından kazanmanızı sağlayan Vadeli Altın Hesabı açmanız yeterli. Alternatif olarak altına ve altına dayalı sermaye piyasası araçlarına İş Portföy uzmanlığıyla yatırım yapmak isterseniz, İş Portföy Altın Fonu’nu tercih edebilirsiniz.
İş Bankası Altın Buluşmaları’na katılarak altınlarınızı bozdurmadan, değeri üzerinden İş Bankası Vadesiz Altın Hesabı’na yatırabilirsiniz. Peki, bu hesaptaki birikimi düzenli olarak artırmak ister misiniz? Yanıtınız “Evet!” ise Altın Biriktiren Talimat’ı kullanıp altın yatırım ve birikimlerinizi düzenli hale getirebilirsiniz. Seçiminiz ne olursa olsun İş Bankası ile altınlarınız daha güvenli, daha değerli!"
https://www.isbank.com.tr/vadesiz-altin-hesabi,Vadesiz Altın Hesabı - Altın Havalesi | Türkiye İş Bankası,"Birikimlerinizi çalınma ve kaybolma riski olmadan Bankamızdaki hesabınızda gram altın olarak değerlendirebilir ve dilediğiniz an altın alıp dilediğiniz an nakde çevirebilirsiniz.
Vadesiz Altın Hesabını İşCep, İnternet Şubesi veya Şubelerimiz aracılığıyla açtırabilirsiniz.
Vadesiz Altın Hesabı ile 0,01 XAU (0,01 gr 995/1000 saflıkta altın) ve katları şeklinde işlem yapabilirsiniz.
Altın alım/satım işlemlerinizi TL hesapların yanı sıra USD, EUR ve GBP döviz cinsi hesaplarla da gerçekleştirebilirsiniz.
Vadesiz Altın Hesabından hesap işletim ücreti alınmamaktadır.
Altın alım işlemlerinde yürürlükteki mevzuata uygun olarak 17.03.2025 tarihinde kambiyo muamale vergisi (KMV) tahsil edilmeye başlanmıştır. Altın satım işlemlerinde vergi kesintisi olmamaktadır.
Vadesiz Altın Hesabı Tasarruf Mevduatı Sigortasına tabidir.Ayrıntılı bilgi için tıklayınız.
İlan ettiğimiz alış fiyatları Bankamızın altın geri alış fiyatlarını, satış fiyatı olarak ilan edilen fiyatlar ise Bankamızın hesaba altın satışı yapacağı fiyatları göstermektedir.
Fiziki altın teslimat işlemleri, piyasa koşullarına göre değişebildiği için, talebin 5 kg ve üzeri (6kg, 7kg, 8 kg gibi…) olması koşuluyla, en güncel bilgi için Şubeniz ile temasa geçebilirsiniz."
https://www.isbank.com.tr/fiziki-altindan-donen-kur-korumali-hesap-fatsi,Fiziki Altından Dönen Kur Korumalı Hesap | Türkiye İş Bankası,"Fiziki Altından Dönen Kur Korumalı Hesap (FATSİ), Şubelerde Altın Buluşmaları ya da Kuyumcu Altın Değerleme Sistemi (KAD-SİS) aracılığıyla İş Bankası Altın Hesabı’na gram altın karşılığı aktarılan fiziki altın varlıkların Türk Lirası’na dönüştürülmesiyle açılabilen bir Kur Korumalı TL Vadeli Mevduat Hesabı ürünüdür.
FATSİ, sadece KAD-SİS kanalından veya Şubelerimizdeki altın buluşmaları ile gelen fiziki altının müşterilerimizin vadesiz altın hesabına alacak kaydedildiği günden itibaren 5 iş günü içinde açılması mümkündür.
Bankamızda bulunan mevcut altın bakiyeleri veya Bankamız hesaplarına alacak kaydolmasının üzerinden 5 iş gününden fazla geçmiş fiziki altınlar için Altından Dönen Müşteriler için Kur Korumalı Mevduat Hesabı açılabilecektir.
Fiziki altınlarınızın Türk Lirası’na dönüştürülmesiyle FATSİ Hesabı’nda değerlendirmeye başladığınız
birikimleriniz kur değişimlerinden etkilenmez. İş Bankası’nın FATSİ Hesabı açılış tutarı ile vade gün sayısına göre ilan ettiği yıllık mevduat faiz oranları üzerinden hesaplanan net getiri ile hesap açılışında ve vade sonunda TCMB tarafından ilan edilen 995/1000 saflıktaki gram altının Türk Lirası karşılığı alış fiyatları arasındaki fiyat farkı arasında daha yüksek olan getiri anaparanıza eklenir.
Yalnızca FATSİ Hesaplarına özel olarak, hesap açılışında dönüşümü yapılan fiziki altın miktarı üzerinden, 6 ay vadeli açılan FATSİ Hesapları için yıllık %1, 1 yıl vadeli açılan FATSİ Hesapları için yıllık %2 oranlar üzerinden hesaplanan ek getiri TCMB tarafından TL olarak vade başında hesabınıza yatırılmaktadır.
01.08.2024 tarihi ve sonrasında başlayan vadeler için, yasal otoriteler tarafından belirlenen kurallar çerçevesinde Stopaj (Gelir Vergisi Kesintisi) uygulanır.
FATSİ Hesabı, yalnızca KAD-SİS (Kuyumcu Altın Değerleme Sistemi) kanalından veya Şubelerde Altın Buluşmaları’na getirilen fiziki altınların gram karşılığının, müşterilerimizin İş Bankası vadesiz altın mevduat hesaplarına aktarıldığı günden itibaren 5 iş günü içinde açılması mümkündür.
Yurt içinde yerleşik gerçek kişiler (yurt dışında işçi, serbest meslek müstakil iş sahibi Türk vatandaşları dâhil Türkiye’de kanuni yerleşim yeri bulunan gerçek kişiler) ve yurt içinde yerleşik tüzel kişiler (Bankalar ve Merkez Bankasınca belirlenen diğer mali kuruluşlar hariç olmak üzere Türkiye'de kanuni yerleşim yeri bulunan tüzel kişiler) tarafından açılabilmektedir.
Yalnızca şubelerimizden ve iş günlerinde 10.00 – 16.30 saatleri arasında açılabilmektedir.
Hesabın vadesi 3, 6, 12 ay vadeli olarak tercih edilebilir.
Fiziki altınların gram karşılığının Türk Lirası’na dönüştürülmesi sırasında, hesap açılış günü TCMB tarafından saat başı ilan edilen 995/1000 saflıktaki gram altın alış kurlarından hesap açılış saatinde geçerli olan güncel kur kullanılacaktır.
FATSİ Hesabı, hesap sahibinin talebi üzerine vade sonu fiyatı kullanılarak vade sonunda yenilenebilmektedir. Yenileme talimatı olmayan hesaplar otomatik kapatılacaktır.
Vadesi yenilenen FATSİ Hesapları için TCMB tarafından yeni ek getiri ödemesi yapılmamakta, diğer avantajlar ise geçerli olmaya devam etmektedir.
Vade bitiş gününde saat 12.00’a kadar şubelerimize talep iletilmesi durumunda, vade başında dönüştürülen gram altın miktarı vade sonunda yeniden müşterinin İş Bankası Altın Hesabı’na aktarılabilmektedir.
Vadeden önce hesaptan para çekilmesi durumunda FATSİ Hesabı kapatılarak faiz ve ek getiri hakları ortadan kalkmaktadır. Vadeden önce hesap kapama veya para çekme işlemleri yalnızca iş günlerinde 11.00 – 16.30 saatleri arasında yapılabilmektedir.
Vadeden önce hesabın kapatılması durumunda, vade başlangıcındaki 995/1000 saflıktaki gram altın dönüşüm fiyatı ile hesabın kapatıldığı tarihte ilan edilmiş güncel 995/1000 saflıktaki gram altın alış fiyatı arasında, düşük olan fiyat üzerinden anapara güncellenecektir.
Fiziki altınların gram karşılığının İş Bankası vadesiz altın mevduat hesabına aktarıldığı günden itibaren 5 iş gününde hesap açılmaması ve daha sonra hesap açılmak istenmesi durumunda FATSİ Hesabı açılması mümkün olmamaktadır. Tercih edilmesi halinde Altından Dönen Kur Korumalı Hesap açılışı yapılmaktadır.
FATSİ Hesabı açılışında, İş Bankası Altın Hesabı’na alacak kaydedilen fiziki altınların gram karşılığı haricinde hesapta bulunan ya da Banka altın satış kurları ile hesaba yeni alış yapılan gram altın birikimleri FATSİ Hesabı açılış bakiyesine dâhil edilmemektedir.
FATSİ Hesabının vade bitiş tarihinde elde edilen faiz getirisi ile kur getirisi hesaplanmakta ve hesap sahibine faiz getirisi ya da kur getirisinden daha yüksek olan tutar anaparaya eklenmektedir.
Vade sonu fiyatı olarak, TCMB tarafından hesabın vade bitiş tarihinde saat 11.00’da ilan edilen 995/1000 saflıktaki gram altın alış fiyatı kullanılacaktır.
Ayrıca aşağıdaki vadelere göre Türkiye Cumhuriyet Merkez Bankası tarafından FATSİ Hesap açılışında dönüştürülen fiziki altın varlıkları üzerinden hesaplanacak ek getiri için ilave getiri oranları yıllık bazda aşağıdaki gibi olacaktır."
https://www.isbank.com.tr/vadeli-altin-hesabi,Vadeli Altın Hesabı | Türkiye İş Bankası,"Vadeli Altın Hesabı; birikimlerinizi altın olarak tutarken, belirlenen vade süresi boyunca güncel vadeli altın faiz oranları ile faiz geliri elde etmenizi sağlayan bir mevduat ürünüdür. Bu hesap türünde,
Vadesiz Altın Hesabınızda bulunan altınları ya da yeni yatıracağınız altınları vadeli olarak değerlendirebilir, Vadeli Altın Hesabı faiz oranları ile birikimlerinizi artırabilirsiniz.
Vadeli Altın Hesabı, altının hem değer artışından hem de faiz getirisinden çift yönlü yararlanmak isteyen yatırımcılar için avantajlıdır. Aynı zamanda altınlarınızın kaybolma veya çalınma riskini ve fiziki altın taşıma zorunluluğunu ortadan kaldırır.
Vadeli Altın Hesabı, altınlarınızı çalınma veya kaybolma riski olmadan değerlendirmenizi ve birikimlerinize güncel vadeli altın hesabı faiz oranları ile ek gelir elde etmenizi sağlar.
Vadeli Altın Hesabı açma işlemini İşCep, Şubelerimiz ve İnternet Şubemiz üzerinden kolayca gerçekleştirebilirsiniz.
Vadeli Altın Hesabı ile birlikte hem geleneksel birikim yönteminden hem de günümüzün dijital bankacılık olanaklarından yararlanırsınız. En az 32, en fazla 365 gün vadeli olarak açılabilen bu hesap sayesinde, altın birikimlerinizden faiz geliri elde etme fırsatı elde edersiniz.
Vadeli Altın Hesabı açılış alt limiti 15.12.2022 tarihi itibarıyla 250 gram olarak güncellenmiştir. 250 gramın üzerine 0,01 gram ve katları şeklinde vadeli altın mevduatı hesabı açabilirsiniz.
Vadesiz Türk Lirası Hesabınızın yanı sıra, Vadesiz Altın Hesabınızda biriken altınları da kullanarak Vadeli Altın Hesabı açabilirsiniz.
Vadeli Altın Hesabı işlemlerinde 1 gram 995/1000 saflıktaki altın, 1 XAU değerine eşittir.
Vadeli Altın Hesabı işlemlerinden vade sonunda kazandığınız faiz tutarı üzerinden %15 oranında MSİGV (Stopaj) kesintisi uygulanır.
Vadeli altın faiz hesaplama işlemiyle, Vadeli Altın Hesabı açma sürecinde elde edeceğiniz tahmini faiz gelirini önceden görebilirsiniz. Vadeli altın faiz hesaplama için; vade süresi, yatırılan altın miktarı ve güncel Vadeli Altın Hesabı faiz oranları dikkate alınır.
İşCep ve İnternet Şubesindeki vadeli altın faiz hesaplama araçlarını kullanarak, yatırmak istediğiniz altın tutarı ve vade seçiminize göre vade sonunda elde edeceğiniz tahmini faiz gelirini anında öğrenebilirsiniz.
Bu hesaplamada unutulmaması gereken en önemli konu, vade sonunda elde edilen faiz geliri üzerinden %15 oranında MSİGV (Stopaj) kesintisi yapılacağıdır. Ayrıca, faiz getirisi yalnızca bankacılık sisteminde gram bazında altın olarak hesaplanır ve güncel altın kuru ile anında görüntülenebilir.
Faiz oranları, Bankamızın belirlediği dönemsel kampanyalar, piyasa gelişmeleri ve yatırım miktarınıza göre farklılık gösterebilir. En doğru ve güncel Vadeli Altın Hesabı faiz oranları için İşCep, İnternet Şubesi ya da size en yakın Şubemizle iletişime geçebilirsiniz.
Vadeli Altın Hesabı faiz oranlarını takip ederek, birikimlerinizi en iyi getiri sunan vadelerle değerlendirebilir, altın birikimlerinizden maksimum faiz geliri elde edebilirsiniz.
Vadeli Altın Hesabı açmak isteyen müşterilerimiz, farklı vade seçenekleriyle yatırım stratejilerine uygun faiz oranlarını karşılaştırma şansına da sahiptir.
Vadeli Altın Hesabı, hem altının değer artışından hem de güncel vadeli altın hesabı faiz oranları ile faiz getirisinden yararlanmak isteyenler için oldukça kârlı bir yatırım aracıdır.
Vadeli Altın Hesabı açmak, altınlarınız için faiz geliri elde etme avantajı sunar. Ancak, faiz oranları ve altının piyasa değeri birlikte değerlendirilmelidir.
Vadesiz Altın Hesabı, altınlarınızı istediğiniz zaman çekebileceğiniz veya transfer edebileceğiniz bir hesap türüdür ve faiz geliri sağlamaz.
Vadeli Altın Hesabı ise, belirli bir vade süresine bağlı olarak Vadeli Altın Hesabı faiz oranları ile faiz getirisi sunar ve vade sonunda hem ana paranızı hem de faiz gelirini altın olarak alırsınız.
Kısacası; Vadesiz Altın Hesabı esnek kullanım, Vadeli Altın Hesabı ise ek getiri fırsatı sunar.
Vadeli Altın Hesabı açarak güncel faiz oranları ile birikiminizi büyütebilir ve kazancınızı maksimize edebilirsiniz. Vadeli altın faiz hesaplama araçlarını kullanarak avantajınızı kolayca belirleyebilir, dilediğiniz yerden Vadeli Altın Hesabı açma işlemini hızlıca gerçekleştirebilirsiniz."
https://www.isbank.com.tr/kuyumcu-altin-degerleme-sistemi,KAD-SİS (Kuyumcu Altın Değerleme Sistemi) | Türkiye İş Bankası A.Ş.,"Altın ve ziynet eşyalarınızı gram altın cinsinden İş Bankası Altın Hesabınızda değerlendirmeye başlamanın birden fazla yolu var.
Her ay Türkiye’de farklı il ve ilçelerdeki İş Bankası şubelerinde düzenlenen Altın Buluşmaları yaşadığınız yerin yakınında değilse, 60 şehirde Kuyumcu Altın Değerleme Sistemi (KAD-SİS) üyesi 180’den fazla anlaşmalı kuyumcu aracılığıyla altın ve ziynet eşyalarınızın 24 ayar saf altın karşılığının İş Bankası Altın Hesabınıza anında ve güvenli bir şekilde aktarılmasını sağlayabilirsiniz.
Kuyumcu Altın Değerleme Sistemi (KAD-SİS) uygulaması; tasarruf sahiplerinin altın ve ziynet eşyalarını anlaşmalı kuyumcular aracılığıyla haftanın her günü KAD-SİS üyesi bankalardaki hesaplarına masrafsız aktarmalarını sağlayan bir sistemdir.
Sisteme üye yakınınızdaki bir kuyumcuda altın ve ziynet eşyalarınızın değerinin hesaplanması sonrası, anlaşmalı bankalarda altın hesabınızın olması durumunda gram cinsinden 24 ayar karşılığını KAD-SİS üzerinden tercih ettiğiniz hesabınıza güvenli bir şekilde aktarabilirsiniz.
İş Bankası, Altın Değerleme Sistemi (ADS) içerisine dâhil olduğu gibi, aynı zamanda KAD-SİS'e de üye anlaşmalı banka olarak hizmet vermektedir.
Altın değerleme noktası (ADN) olarak hizmet veren kuyumcuları ziyaret etmeden önce, KAD-SİS ile anlaşmalı bankalarda açılmış bir vadesiz altın mevduat hesabınız bulunmalıdır.
Altınlarınızı çalınma, kaybolma gibi risklere karşı korumak ve birikim yapmaya başlamak için İş Bankası Altın Hesabınızı şubelerimizden, İşCep’ten ve Bireysel İnternet Şubesi’nden anında ve kolayca açabilirsiniz.
İşCep’ten Altın Hesabı açmak için: Hesaplar > Yeni Hesap Aç > Altın
İnternet Şubesi’nden Altın Hesabı açmak için: Hesaplarım > Anında Hesap Aç > Vadesiz
ADN’de değerlemesi yapılan altın ve ziynet eşyalarınızın gram karşılığının KAD-SİS üzerinden sizin belirleyeceğiniz vadesiz altın mevduat hesabınıza aktarılabilmesi için, bankanızda açık durumdaki hesaplarınızın listelenmesi öncesi banka sisteminde kayıtlı olan ve sizin kullanımınızda olduğu mobil onay kodu ile teyitli hale getirilmiş cep telefonu numaranıza bankadan SMS gönderilmektedir.
ADN ziyaretiniz öncesi İş Bankası’nda kayıtlı cep telefonu numaranızın teyit durumunu öğrenmek ve numaranızı teyitli hale kolayca dönüştürmek için
şubelerimizi hafta içi çalışma saatlerinde arayabilir ve ziyaret edebilirsiniz.
Tüm hazırlıklarınız tamamsa, altın ve ziynet eşyalarınızla birlikte yakınınızdaki bir ADN’yi ziyaret ederek aşağıdaki işlemleri gerçekleştirebilirsiniz.
ADN tarafından değerlemesi yapılacak altınlarınızın KAD-SİS aracılığıyla iletilecek transfer talimatıyla İş Bankası Altın Hesabınıza aktarılmasını sağlamak için, ADN olarak hizmet veren kuyumcuda KAD-SİS Müşteri Bilgilendirme Formu’nu imzalayınız.
Sistemden gelen SMS şifresi ile işleme başlama onayınızı verebilirsiniz.
Bankamızdan teyitli cep telefonu numaranıza gelen SMS şifresi ile işlemlerin bilginiz dahilinde yapıldığını onaylayabilirsiniz.
Altınlarınızı ADN yetkilisine teslim ettiğinizde, ekspertiz (değerleme) işlemi kamera kaydı ile yapılacaktır.
ADN ile değerlemede mutabakat sağlamanız halinde, anlaştığınız değerleme üzerinden KAD-SİS aracılığıyla Bankamıza iletilen transfer talimatı üzerinden KAD-SİS firmasının hesabından İş Bankası Altın Hesabınıza aktarım yapılacaktır.
Bu sistemde fiziki altınlarınızın teslimi, toplanması ve değerlemesi hizmeti Bankamız nam ve hesabına değil, ADN nam ve hesabına, ADN tarafından ve ADN’de yapılmaktadır. Fiziki altın teslimine ilişkin tüm sorumluluk ADN’ye ait olup, Bankamızın sorumluluğu ilgili transfer emrini yerine getirmekle sınırlıdır.
KAD-SİS anlaşmalı altın değerleme noktası (ADN) olan kuyumcularda altın ve ziynet eşyalarınızın gram altın karşılığını öğrenebilir ve anlaşmalı bankalarda altın mevduat hesabınız bulunuyorsa, 24 ayar saf altın karşılığının değer kaybı olmadan saniyeler içerisinde aktarılmasını sağlayabilirsiniz.
Altınlarınızı ve ziynet eşyalarınızı, çalınma veya kaybedilmeleri endişesi taşımadan Altın Hesabınızda gram altın olarak izleyebilirsiniz.
Altın Hesabınızda saklanan altınlarınızı ihtiyaç anında nakde çevirebilirsiniz.
Altın birikimlerinize İşCep’ten veya İnternet Şubesi’nden 7/24 ulaşabilir, güncel değerini öğrenip alım – satım işlemi yapabilirsiniz.
Şubelerimizden veya İnternet Şubemizden Altın Biriktiren Talimat verebilirsiniz.
Dilerseniz Vadesiz Altın Hesabınızdaki altınları kullanarak Vadeli Altın Hesabı açabilirsiniz.
KAD-SİS üzerinden Altın Mevduat Hesabınıza aktardığınız altınlarınız için Tasarruf Mevduatı Sigorta Fonu (TMSF) güvencesi sağlanmaktadır.
Altın Hesabınıza aktarılan fiziki altınlarınızla 5 iş günü içerisinde İş Bankası şubelerinden Fiziki Altından Dönen Kur Korumalı Hesap da açabilirsiniz. Birikimlerinizi kur değişimlerinden etkilenmeden ve gelir vergisi stopajı olmadan değerlendirirken, hesap açılışında Türk Lirası’na dönüştürülen fiziki altın miktarınız üzerinden TCMB tarafından sağlanan yıllık %4’e varan ek getiri ayrıcalığından da faydalanabilirsiniz.
KAD-SİS uygulamasına dâhil kuyumcuların güncel bilgilerine aşağıdaki bağlantıdan ulaşabilirsiniz.
7.11.2006 tarih ve 26339 sayılı Resmi Gazete'de yayımlanan ""Sigortaya Tabi Mevduat ve Katılım Fonları ile Tasarruf Mevduatı Sigorta Fonunca Tahsil Olunacak Primlere Dair Yönetmelik"" hükümleri çerçevesinde; Türkiye'de faaliyet gösteren bir kredi kuruluşunun yurtiçi şubelerinde gerçek kişiler adına açılmış olan ve münhasıran çek keşide edilmesi dışında ticari işlemlere konu olmayan Türk Lirası, döviz ve kıymetli maden cinsinden tasarruf mevduatı hesaplarının anaparaları ile bu hesaplara ilişkin faiz reeskontları toplamının 900 Bin Türk Lirası'na kadar olan kısmı 2025 yılı için sigorta kapsamındadır.
Bu tutar tekrardan, her takvim yılı başından geçerli olacak şekilde 4.1.1961 tarihli ve 213 sayılı Vergi Usul Kanunu uyarınca tespit ve ilan edilen yeniden değerleme oranı dikkate alınarak TMSF tarafından artırılacak ve Resmi Gazetede ilan edilecektir."
https://www.isbank.com.tr/subelerde-altin-bulusmalari,Şubelerde Altın Buluşmaları | Türkiye İş Bankası A.Ş.,"Altınlarınızı ya da ziynet eşyalarınızı İş Bankası Şubelerine getirin, uzman eksperlerce değeri hesaplanan altınlarınızın gram olarak karşılığı Vadesiz Altın Hesabı'na yatsın.
Fiziki altınlarınızı değer kaybı olmadan kaydi olarak bankada açılan hesabınızda saklayabilirsiniz.
Altınlarınızın ve ziynet eşyalarınızın çalınması veya kaybedilmesi riski ortadan kalkar.
Altınlarınızın değeri bankada gram cinsinden saf altın fiyatı üzerinden belirlendiği için, ihtiyaç anında dilediğiniz tutarda altını nakde çevirebilirsiniz.
Altın hesabınıza dijital kanallarımızdan 7/24 ulaşabilir, güncel değerini öğrenip işlem yapabilirsiniz.
Kasa masrafınız olmadan altınlarınızı güven içinde saklayabilirsiniz.
Dilerseniz Vadesiz Altın Hesabınızdaki altınları kullanarak Vadeli Altın Hesabı açabilirsiniz."
https://www.isbank.com.tr/kiymetli-madenler-fonlari,Kıymetli Madenler Fonları | Türkiye İş Bankası,"Fon toplam değerinin en az %80’i devamlı olarak fiziki gümüş, gümüşe dayalı para ve sermaye piyasası araçları, gümüşe dayalı yerli borsa yatırım fonları, gümüşe dayalı yabancı borsa yatırım fonları, gümüşe dayalı yerli ve yabancı yapılandırılmış yatırım araçlarına yatırılacaktır."
https://www.isbank.com.tr/yatirim-hesabi-altin-urunleri,Yatırım Hesabından Altın Hesabına Aktarım | Altın Yatırımı | Türkiye İş Bankası A.Ş.,"BİREYSEL
BANKACILIK
TİCARİ
BANKACILIK
BANKAMIZI
TANIYIN
BİREYSEL BANKACILIK
Krediler
Krediler
İhtiyaç Kredisi
Ek Hesap
Taksitli Ek Hesap
Taşıt Kredisi
Ev Kredisi
İş'te Limit
Kredim Pos’ta
İş’le Öde
Kredi Notu Öğrenme / Risk Raporu
Kredi Hesapla
Kartlar
Kartlar
Maximum Kartlar
Maximiles Kartlar
Bankamatik Kartları
Ön Ödemeli Kartlar
Kart Hizmetleri
Kampanyalar
Maximum Mobil
İşCep
Mevduat ve Yatırım
Mevduat ve Yatırım
Vadeli Mevduat
Yatırım Fonları
Eurobond
Vadesiz Mevduat
Hisse Senedi
Diğer Yatırım Ürünleri
Altın
Bono / Tahvil
Birikim
Vergi Kılavuzu
Duyurular
Dijital Bankacılık
Dijital Bankacılık
İşCep
İşCep'le Hayatım
Bireysel İnternet Şubesi
Maximum Mobil
Bankamatik
Çözüm Merkezi
Nays
Planlı Kesintiler
İşlemler
Engelsiz Bankacılık
İşCep Market
Geleceğe Orman
Açık Bankacılık Hizmetleri
Müşteri Olmak İstiyorum
Kişisel Finans Yönetimi
Sigorta ve Emeklilik
Sigorta ve Emeklilik
SGK Emeklilerine Özel Ayrıcalıklar
Bireysel Emeklilik (BES)
Konut Paket Sigortası
Kredi Destek Sigortası
Hayat Sigortası
Eşya Sigortası
Bireysel Siber Güvenlik Sigortası
DASK - Zorunlu Deprem Sigortası
Sağlık Sigortası
Kredi Kartı Destek Sigortası
Trafik Sigortası
Ferdi Kaza Sigortası
Çocuğum için BES
Ek Hesap Hayat Sigortası
İş’te Çiftçi Hayat Sigortası
İş yeri Sigortaları
Ödemeler ve Para Transferi
Ödemeler ve Para Transferi
Trafik Para Cezası (TPC) Ödeme
Ödeme İste
ÖSYM Ödemeleri
Para Aktarma
Fatura Ödeme
Tüketici Kredisi Ödeme
Kolay Adres
FAST
HGS
MTV Ödeme
Güvenli Araç Alım-Satım
SGK Ödemeleri
Üniversite Ödemeleri
Western Union
Vergi
Pasaport Ödemeleri
Faturasız Hat Yükleme
Ayrıcalıklı Hizmetler
Ayrıcalıklı Hizmetler
Yüz Yüze Bankacılık
Mesleğinize Özel Bankacılık
İş'te Maaşınızın Avantajları
Kiralık Kasa
SGK Emeklilerine Özel Ayrıcalıklar
Rotary Kulübü Üyelerine Ayrıcalıklar
OYAK Üyelerine Özel Ayrıcalıklar
e-Devlet Kapısı
Çocuk Bankacılığı
Gençlik Bankacılığı
İş Mekan
İşCep
Maximum Mobil
Müşteri Olmak İstiyorum
Özel Bankacılık
Özel Bankacılık
Özel Bankacılık
Privia Black Kredi Kartı
Bankacılık Hizmetleri
Varlık Yönetimi
Ticari Krediler
Ticari Krediler
Ticari Nakdi Krediler
Anında Ticari Kredi
İşyeri Kredisi
Esnaf Kredileri
Yatırım Kredisi
KOSGEB Kredileri
Ticari Kredi Faiz Oranları
Ticari Kredi Hesaplama
Hayvancılık Kredileri
Çevreye Duyarlı Ticari Krediler
Kazançlı Kredi
Gayrınakdi Krediler
Dijital Teminat Mektubu
Borçlu Cari Hesap (Rotatif Kredi)
Kredi Garanti Fonu (KGF)
Ticari Kredi Faiz Oranları
Findeks Hizmetleri
Kredi Hesapla
Ticari Kartlar
Ticari Kartlar
İşim Kart
İmece Kart
Maximum Ticari Kredi Kartı
Tarımsal Ürün Kart
Maximiles Business Kart
İhracatçı Kart
Ticari Kart Ayrıcalıkları
Maximiles Business Startup Kart
Maximum TEMA Şirket Kredi Kartı
Ticari Kart Kampanyaları
Ticari ATM ve Bankamatikler
Ticari Kartlar Hakkında Genel Bilgiler
Maximiles TİM İhracatçı Kart
Maximum Business Turizm Kart
İşCep Ticari
Maximum İşyerim
İmeceMobil
Dış Ticaret
Dış Ticaret
Dijital İhracat Kredisi
İhracatım Öder Kredisi
Ticari Ek Hesap
Dijital Teminat Mektubu
Dış Ticaret İthalat Transferi
Türkiye İhracatçılar Meclisi İş Birliği
Maximum İhracatçı Kart
Maximiles TİM İhracatçı Kart
Dış Ticarette Sigorta
Nakit Yönetimi Dosya Otomasyonu (NYDO)
İthalat Akreditifi
Döviz Havalesi/SWIFT
Dış Ticaret Paketleri
İhracat Bedeli Kabul Belgesi (İBKB) İşlemleri
DijiKolay Dış Ticaret Çözümleri
Ticari İnternet Bankacılığı
İşCep Ticari
POS / ÖKC
POS / ÖKC
POS
Sanal POS
DCC Dinamik Kur Dönüşümlü POS
POS Türleri
E-Ticaret Ürünleri
Yazarkasa POS/ Yeni Nesil ÖKC
Alternatif Ödeme Yöntemleri
Üye İşyeri Yardım ve POS Destek
POS Sigortası
Maximum İşyerim
POS Hata Kodları
Maximum Temassız POS
Kargo POS
POS'um Cepte
İşCep Ticari
Maximum İşyerim
KOBİ Bankacılığı
KOBİ Bankacılığı
DijiKolay
Ticari Nakdi Krediler
Anında Ticari Kredi
KOBİ Kredileri
İşyeri Kredisi
Yatırım Kredisi
KOSGEB Kredileri
Ticari Sigortalar
Esnaf Kredileri
Ticari Kredi Kartları
Ödemen Tamam
Maximum Şirket Kredi Kartı
Çek - Senet Paketleri
ÇekCepte
Yeni Müşteri
Esnaf Bankacılığı
Turizm İşletmelerine Özel Çözümler
Esnaf Kredileri
Tarım Bankacılığı
Tarım Bankacılığı
Çiftçilere Özel
Tarım ve Hayvancılık Kredileri
Tarım Bankacılığı Ürünleri
Dijital Tarım Bankacılığı
Tarımsal Ürün Kart
İmece Kart
İmece POS
İmece Mobil
Traktör ve Ekipman Kredileri
TARSİM Tarım Sigortaları
Hayvancılık Kredileri
Tarım Kredileri
Çiftçi ve Tarım Bankacılığı Kampanyaları
Anında Tarım Kredisi
İmece Kart
Dijital Tarım Çözümü
İşinize Özel
İşinize Özel
DijiKolay
KOBİ Bankacılığı
Esnaf Bankacılığı
Girişimci Kadınlara Özel Çözümler
Nakit Yönetimi
Girişimcilik
Tarım Bankacılığı
Eczane ve Eczacılara Özel Hizmetler
Kurumsal Bankacılık
Turizm İşletmelerine Özel Çözümler
Elektrik Üretim Kredisi
Genç KOBİ'lere Özel Çözümler
Workup Girişimcilik Programı
Risk Yönetimi - Türev ve Yapılandırılmış Ürünler
Dijital Bankacılık
Dijital Bankacılık
İşCep Ticari
İnternet Şubesi Ticari
Ticari İşlem Listesi
İşCep Market
Bankamatik
İmeceMobil
Kolay Adres
API Portal
e-Pay Kolay
DijiKolay
Dijital Slip
Müşteri Olmak İstiyorum
Açık Bankacılık Hizmetleri
Linkle Tahsilat
Mevduat ve Yatırım
Mevduat ve Yatırım
Altın
Vadesiz Mevduat
Yatırım Ürünleri
Günlük Kazandıran Hesap
Bono Tahvil
Hisse Senedi
Eurobond
Vade Bekletmeyen Mevduat Hesabı
İlk Ticarim Hesabı
Dijital İşim Hesabı
Duyurular
Vergi Kılavuzu
Duyurular
Hakkımızda
Hakkımızda
Vizyon ve Stratejimiz
Tarihimiz
İştiraklerimiz
Yurt Dışı Şubelerimiz
Satılık Gayrimenkuller
Sürdürülebilirlik
Sürdürülebilirlik
Yaklaşımımız
Yapılanmamız
Politikalarımız
Sürdürülebilirlik Kilometre Taşları
Sorumlu Bankacılık
Sorumlu Ürün ve Hizmetler
Raporlarımız
Üyelikler ve İnisiyatifler
Derecelendirme Notları ve Endeksler
Geleceğe Orman
Yatırımcı İlişkileri
Yatırımcı İlişkileri
Finansal Bilgiler
Yatırımcı Sunumu
Özel Durum Açıklamaları
Kredi Derecelendirme Notları
Kurumsal Bilgiler
Kurumsal Yönetim
Paylara İlişkin Bilgiler
İletişim
Sıkça Sorulan Sorular
İŞ'te Kariyer
İŞ'te Kariyer
Kariyer Fırsatları
Haberler ve Medya
Haberler ve Medya
İş Bankası'ndan Haberler
Reklam Videolarımız
Sosyal Medya
Kurumsal Sosyal Sorumluluk
Kurumsal Sosyal Sorumluluk
Eğitim
Çevre
Kültür ve Sanat
Anında Şifre
Güvenlik
Ürün ve Hizmet Ücretleri
EN
Anında Şifre
Güvenlik
Ürün ve Hizmet Ücretleri
EN
BİREYSEL
BANKACILIK
TİCARİ
BANKACILIK
BANKAMIZI
TANIYIN
Müşteri Olun
İnternet Şubesi
Bireysel Şube
Ticari Şube
Müşteri Olun
İnternet Şubesi
Bireysel Şube
Ticari Şube
X
Size Nasıl Yardımcı Olabiliriz?
Krediler
Kartlar
Mevduat ve Yatırım
Dijital Bankacılık
Sigorta ve Emeklilik
Ödemeler ve Para Transferi
Ayrıcalıklı Hizmetler
Özel Bankacılık
Ticari Krediler
Ticari Kartlar
Dış Ticaret
POS / ÖKC
KOBİ Bankacılığı
Tarım Bankacılığı
İşinize Özel
Dijital Bankacılık
Mevduat ve Yatırım
Hakkımızda
Sürdürülebilirlik
Yatırımcı İlişkileri
İŞ'te Kariyer
Haberler ve Medya
Kurumsal Sosyal Sorumluluk
İhtiyaç Kredisi
Ek Hesap
Taksitli Ek Hesap
Taşıt Kredisi
Ev Kredisi
İş'te Limit
Kredim Pos’ta
İş’le Öde
Kredi Notu Öğrenme / Risk Raporu
Tüm Bireysel Kredi Ürünlerimiz
Kredi Hesapla
Maximum Kartlar
Maximiles Kartlar
Bankamatik Kartları
Ön Ödemeli Kartlar
Kart Hizmetleri
Kampanyalar
Tüm Kartlarımız
Maximum Mobil
İşCep
Vadeli Mevduat
Yatırım Fonları
Eurobond
Vadesiz Mevduat
Hisse Senedi
Diğer Yatırım Ürünleri
Altın
Bono / Tahvil
Birikim
Tüm Mevduat ve Yatırım Ürünlerimiz
Vergi Kılavuzu
Duyurular
İşCep
İşCep'le Hayatım
Bireysel İnternet Şubesi
Maximum Mobil
Bankamatik
Çözüm Merkezi
Nays
Planlı Kesintiler
İşlemler
Engelsiz Bankacılık
İşCep Market
Geleceğe Orman
Açık Bankacılık Hizmetleri
Tümü
Müşteri Olmak İstiyorum
Kişisel Finans Yönetimi
SGK Emeklilerine Özel Ayrıcalıklar
Bireysel Emeklilik (BES)
Konut Paket Sigortası
Kredi Destek Sigortası
Hayat Sigortası
Eşya Sigortası
Bireysel Siber Güvenlik Sigortası
DASK - Zorunlu Deprem Sigortası
Sağlık Sigortası
Kredi Kartı Destek Sigortası
Trafik Sigortası
Ferdi Kaza Sigortası
Çocuğum için BES
Ek Hesap Hayat Sigortası
İş’te Çiftçi Hayat Sigortası
Tüm Sigorta ve Emeklilik Ürünlerimiz
İş yeri Sigortaları
Trafik Para Cezası (TPC) Ödeme
Ödeme İste
ÖSYM Ödemeleri
Para Aktarma
Fatura Ödeme
Tüketici Kredisi Ödeme
Kolay Adres
FAST
HGS
MTV Ödeme
Güvenli Araç Alım-Satım
SGK Ödemeleri
Üniversite Ödemeleri
Western Union
Ödemeler ve Para Transferi
Vergi
Pasaport Ödemeleri
Faturasız Hat Yükleme
Yüz Yüze Bankacılık
Mesleğinize Özel Bankacılık
İş'te Maaşınızın Avantajları
Kiralık Kasa
SGK Emeklilerine Özel Ayrıcalıklar
Rotary Kulübü Üyelerine Ayrıcalıklar
OYAK Üyelerine Özel Ayrıcalıklar
e-Devlet Kapısı
Çocuk Bankacılığı
Gençlik Bankacılığı
İş Mekan
Ayrıcalıklı Hizmetler
İşCep
Maximum Mobil
Müşteri Olmak İstiyorum
Özel Bankacılık
Privia Black Kredi Kartı
Bankacılık Hizmetleri
Varlık Yönetimi
privia.com.tr'yi ziyaret et
Ticari Nakdi Krediler
Anında Ticari Kredi
İşyeri Kredisi
Esnaf Kredileri
Yatırım Kredisi
KOSGEB Kredileri
Ticari Kredi Faiz Oranları
Ticari Kredi Hesaplama
Hayvancılık Kredileri
Çevreye Duyarlı Ticari Krediler
Kazançlı Kredi
Gayrınakdi Krediler
Dijital Teminat Mektubu
Borçlu Cari Hesap (Rotatif Kredi)
Kredi Garanti Fonu (KGF)
Tüm Ticari Kredi Ürünlerimiz
Ticari Kredi Faiz Oranları
Findeks Hizmetleri
Kredi Hesapla
İşim Kart
İmece Kart
Maximum Ticari Kredi Kartı
Tarımsal Ürün Kart
Maximiles Business Kart
İhracatçı Kart
Ticari Kart Ayrıcalıkları
Maximiles Business Startup Kart
Maximum TEMA Şirket Kredi Kartı
Ticari Kart Kampanyaları
Ticari ATM ve Bankamatikler
Ticari Kartlar Hakkında Genel Bilgiler
Maximiles TİM İhracatçı Kart
Maximum Business Turizm Kart
Tüm Kartlarımız
İşCep Ticari
Maximum İşyerim
İmeceMobil
Dijital İhracat Kredisi
İhracatım Öder Kredisi
Ticari Ek Hesap
Dijital Teminat Mektubu
Dış Ticaret İthalat Transferi
Türkiye İhracatçılar Meclisi İş Birliği
Maximum İhracatçı Kart
Maximiles TİM İhracatçı Kart
Dış Ticarette Sigorta
Nakit Yönetimi Dosya Otomasyonu (NYDO)
İthalat Akreditifi
Döviz Havalesi/SWIFT
Dış Ticaret Paketleri
İhracat Bedeli Kabul Belgesi (İBKB) İşlemleri
DijiKolay Dış Ticaret Çözümleri
Dış Ticaret
Ticari İnternet Bankacılığı
İşCep Ticari
POS
Sanal POS
DCC Dinamik Kur Dönüşümlü POS
POS Türleri
E-Ticaret Ürünleri
Yazarkasa POS/ Yeni Nesil ÖKC
Alternatif Ödeme Yöntemleri
Üye İşyeri Yardım ve POS Destek
POS Sigortası
Maximum İşyerim
POS Hata Kodları
Maximum Temassız POS
Kargo POS
POS'um Cepte
POS / Üye İşyeri
İşCep Ticari
Maximum İşyerim
DijiKolay
Ticari Nakdi Krediler
Anında Ticari Kredi
KOBİ Kredileri
İşyeri Kredisi
Yatırım Kredisi
KOSGEB Kredileri
Ticari Sigortalar
Esnaf Kredileri
Ticari Kredi Kartları
Ödemen Tamam
Maximum Şirket Kredi Kartı
Çek - Senet Paketleri
ÇekCepte
Yeni Müşteri
KOBİ Bankacılığı
Esnaf Bankacılığı
Turizm İşletmelerine Özel Çözümler
Esnaf Kredileri
Çiftçilere Özel
Tarım ve Hayvancılık Kredileri
Tarım Bankacılığı Ürünleri
Dijital Tarım Bankacılığı
Tarımsal Ürün Kart
İmece Kart
İmece POS
İmece Mobil
Traktör ve Ekipman Kredileri
TARSİM Tarım Sigortaları
Hayvancılık Kredileri
Tarım Kredileri
Çiftçi ve Tarım Bankacılığı Kampanyaları
Anında Tarım Kredisi
Tarım Bankacılığı
İmece Kart
Dijital Tarım Çözümü
DijiKolay
KOBİ Bankacılığı
Esnaf Bankacılığı
Girişimci Kadınlara Özel Çözümler
Nakit Yönetimi
Girişimcilik
Tarım Bankacılığı
Eczane ve Eczacılara Özel Hizmetler
Kurumsal Bankacılık
Turizm İşletmelerine Özel Çözümler
Elektrik Üretim Kredisi
Genç KOBİ'lere Özel Çözümler
İşinize Özel
Workup Girişimcilik Programı
Risk Yönetimi - Türev ve Yapılandırılmış Ürünler
İşCep Ticari
İnternet Şubesi Ticari
Ticari İşlem Listesi
İşCep Market
Bankamatik
İmeceMobil
Kolay Adres
API Portal
e-Pay Kolay
DijiKolay
Dijital Slip
Tümü
Müşteri Olmak İstiyorum
Açık Bankacılık Hizmetleri
Linkle Tahsilat
Altın
Vadesiz Mevduat
Yatırım Ürünleri
Günlük Kazandıran Hesap
Bono Tahvil
Hisse Senedi
Eurobond
Vade Bekletmeyen Mevduat Hesabı
İlk Ticarim Hesabı
Dijital İşim Hesabı
Tüm Mevduat ve Yatırım Ürünlerimiz
Duyurular
Vergi Kılavuzu
Duyurular
Vizyon ve Stratejimiz
Tarihimiz
İştiraklerimiz
Yurt Dışı Şubelerimiz
Satılık Gayrimenkuller
Hakkımızda
Yaklaşımımız
Yapılanmamız
Politikalarımız
Sürdürülebilirlik Kilometre Taşları
Sorumlu Bankacılık
Sorumlu Ürün ve Hizmetler
Raporlarımız
Üyelikler ve İnisiyatifler
Derecelendirme Notları ve Endeksler
Sürdürülebilirlik
Geleceğe Orman
Finansal Bilgiler
Yatırımcı Sunumu
Özel Durum Açıklamaları
Kredi Derecelendirme Notları
Kurumsal Bilgiler
Kurumsal Yönetim
Paylara İlişkin Bilgiler
İletişim
Sıkça Sorulan Sorular
Yatırımcı İlişkileri
Kariyer Fırsatları
İŞ'te Kariyer
İş Bankası'ndan Haberler
Reklam Videolarımız
Sosyal Medya
Haberler ve Medya
Eğitim
Çevre
Kültür ve Sanat
Kurumsal Sosyal Sorumluluk
Ana Sayfa >
Mevduat ve Yatırım >
Altın >
Yatırım Hesabı Altın Ürünleri
Yatırım Hesabı Altın Ürünleri
Yatırım Hesabından Altın Hesabına Aktarım
Yatırım Hesabından Altın Hesabına Aktarım Yapmak Ne Gibi Avantajlar Sunuyor?
Yatırım Hesabında bulunan 830, 831, ve 832 kodlu altınlarınızı Altın Hesabına aktarmak tamamen ücretsizdir.
Aktarım yaparken altınlarınız hiçbir değer kaybına uğramaz. Altınlarınız aşağıdaki katsayılar ile çarpılarak gram altın cinsinden Altın Hesabına aktarılır.
Altın
Gram Cinsine Çevrilirken Çarpılacak Katsayı
830
1
831
6,6
832
3,3
X Kapat"
https://www.isbank.com.tr/altin-biriktiren-talimat,Altın Yatırımı | Altın Biriktirme Talimatı | Türkiye İş Bankası A.Ş.,"Düzenli Altın Alımı
Kendiniz veya sevdikleriniz adına yapacağınız altın birikimlerinizi bir kez talimat vererek düzenli hale getirebilirsiniz.
Talimatlarınızı İşCep'ten verebilirsiniz. Bu talimatlar sadece İşCep'te görüntülenebilmektedir.
Talimatlarınızı dilerseniz tutarla dilerseniz gram üzerinden seçtiğiniz miktarda verebilirsiniz.
Vadesiz Altın Hesabınız için düzenli altın alım talimatlarınızı, isteğinize göre “Bankamız Kredi Kartınızdan” veya “Vadesiz TL Hesabınızdan” verebilirsiniz.
İş Bankası Kredi Kartı ile Düzenli Altın Alımı
Kendiniz ve sevdikleriniz adına kredi kartından düzenli alım talimatı verebilirsiniz.
Kredi kartından verilecek talimat tutarı minimum 50 TL veya karşılığı gram, maksimum 100.000 TL veya karşılığı gramdır.*
Vermiş olduğunuz talimatlar, kart limitinizin hesap kesim tarihinizde müsait olması durumunda kredi kartınıza alışveriş olarak yansıtılacaktır. Kart limitinizin tüm talimat tutarını karşılayacak kadar müsait olmaması durumunda talimatınızın kısmi olarak gerçekleşmesi için müsait limitiniz kadar borç kaydedilecektir.**
Kartınızın hesap kesim tarihinde borç kaydedilmiş tutar karşılığı altın, kartınızın son ödeme gününde ilgili altın hesabına aktarılacaktır.
Kredi kartından verilmiş düzenli alım talimatları talimat verilme tarihinden hesap kesim tarihine kadar iptal edilebilecektir.
Kredi kartı hesap kesim tarihi ile son ödeme günü arasında, karta borç kaydedilmiş olan işleme konu edilmiş altın alım talimatının iptali yapılamayacaktır. Ancak izleyen aylarda gerçekleşecek olan talimatların iptali mümkündür.
Hesaptan Düzenli Altın Alımı
Kendiniz ve sevdikleriniz adına hesabınızdan düzenli altın alım talimatı verebilirsiniz.
Hesaptan verilecek talimat tutarı minimum 50 TL veya karşılığı gram, maksimum 100.000 TL veya karşılığı gramdır.*
Talimatınızın gerçekleşeceği gün hesabınızda talimat tutarının tamamı kadar yeterli bakiye olmaması durumunda talimatınız kısmi olarak gerçekleşir. Hesap bakiyeniz minimum altın alış miktarını karşılamıyorsa talimatınız gerçekleşmez.**
Düzenli Alım Talimatında Ek Hesap limitinizin kullanılması mümkün değildir.
Hesaptan verilen düzenli altın alım talimat gününde saat 09:00’dan sonra talimat gerçekleşene dek talimatın iptal edilmesi mümkün değildir. Talimat gerçekleştikten sonra veya ayın diğer günlerinde talimatı dilediğiniz zaman iptal edebilirsiniz.***
Talimat gününün hafta sonu veya resmi tatil gününe denk gelmesi halinde hesaptan tahsilat, talimat gününü takip eden ilk iş gününde gerçekleştirilecektir.
* Minimum ve maksimum düzenli altın alım tutarları günün piyasa koşulları çerçevesinde Banka tarafından değiştirilebilecektir.
** Talimatınız, altın alımının gerçekleşeceği saatte geçerli olan altın fiyatıyla 0,01 gr hassasiyetinde gerçekleştirilecektir.
*** Banka bu saati dilediği zaman değiştirme hak ve yetkisine sahip olup, değişiklik halinde sistem buna uyumlu şekilde işleyecektir."
https://www.isbank.com.tr/vadesiz-tl-mevduat-hesabi,Vadesiz TL Mevduat Hesabı | Türkiye İş Bankası,"Ticari mevduat hesabı nedir?
Gerçek kişi tacir, esnaf ve serbest meslek erbabı kişilerin ve ticaretle iştigal eden ortaklıkların (Limited, Anonim vb), kamu idarelerinin kurdukları veya katıldıkları ticari işletmelerin, her türlü ticari işlemleri için kullanacakları hesaplara ticari mevduat hesabı denir.
Ticari hesap açılışı için gereken evraklar nelerdir?
İş Bankası kolay ve pratik çözümleriyle ticari hayata destek oluyor. Geniş işlem çeşitliliği olan, şubeden yapılabilen bir çok işlemin bulunduğunuz yerden yapabilmenize olanak sağlayan mobil uygulamalarımız İşCep Ticari, Maximum İşyerim ve Ticari İnternet Şubemiz size zahmetsiz bir bankacılık işlemi yapma deneyimi sunuyor.
Geniş bankamatik, şube ağıyla da ihtiyacınız anında yanınızda oluyoruz.
İş Bankası’nda Ticari Hesap Nasıl Açılır?
İş Bankası müşterisiyseniz TL/döviz vadeli veya vadesiz yeni bir ticari hesap açmak istiyorsanız
İşCep ticari veya
ticari internet şubemize giriş yaparak hesabınızı açabilirsiniz.
İş Bankası müşterisi değilseniz;
İş Bankası müşterisi olmak ve ticari hesap açtırmak için hangi belgeleri yanımda getirmeliyim?
Esnaf/gerçek kişi tacirseniz ticari hesap açmanız için yeni tip TC kimlik kartınız ve NFC özelliği olan cep telefonunuza İşCep'i indirmeniz yeterli. İşCep “Müşteri Olmak İstiyorum” özelliğiyle; nerede olursanız olun, görüntülü görüşme ile şubeye gitmeden ve ıslak imzaya gerek kalmadan dakikalar içinde ticari hesabınızı açabilirsiniz. Detaylı bilgi için tıklayınız.
Tüzel firmaysanız aşağıdaki evrakları* şubemize başvururken getirebilirsiniz.
Şirket Ana Sözleşmesi
Ticaret Sicil Gazetesi
Ticaret Sicil Belgesi (Tescil Belgesi)
Noter Onaylı İmza Sirküleri
Ticaret Sicil Oda Kaydı
Vergi Levhası
%25 ve üzeri hisseye sahip gerçek ve tüzel kişi hissedarların kimlik tespit belgeleri
Firmanızın şirket türüne göre şubelerimiz ek belgeler talep edebilir."
https://www.isbank.com.tr/vadesiz-doviz-hesabi,Vadesiz Döviz Hesabı | Türkiye İş Bankası,"Bankamızda konvertible olarak işlem gören döviz cinsleri için vadesiz döviz tevdiat hesabı açabilirsiniz. Vadesiz döviz tevdiat hesabı ile;
İş Bankası şubelerindeki döviz hesaplarına 7/24 döviz havalesi gönderebilirsiniz.
Döviz ödeme özellikli Bankamatiklerimiz sayesinde hesabınızdan istediğiniz zaman yabancı para çekebilirsiniz.
Vadesiz döviz tevdiat hesabınıza İşCep, İnternet Şubemiz, Bankamatiklerimiz veya Çözüm Merkezimiz aracılığıyla işlem yapabilirsiniz.
Bankamızda bir TL mevduat hesabınız varsa vadesiz döviz tevdiat hesabınızı şubeye gitmeye gerek kalmadan İşCep, İnternet Şubemiz veya Çözüm Merkezimiz aracılığıyla kendiniz açabilirsiniz.
SWIFT sistemi aracılığıyla yurt içi ve yurt dışındaki bankalardaki hesaplara döviz gönderebilir ve hesabınıza döviz gönderilmesini sağlayabilirsiniz.
Konvertible Döviz Cinsleri:
|
|
Amerikan Doları
| USD
|
Norveç Kronu
| NOK
|
Kanada Doları
| CAD
|
İsviçre Frangı
| CHF
|
Avusturalya Doları
| AUD
|
Kuveyt Dinarı
| KWD
|
İngiliz Sterlini
| GBP
|
Suudi Arabistan Riyali
| SAR
|
Rus Rublesi
| RUB
|
Japon Yeni
| JPY
|
Çin Yuanı
| YUAN
|
Avrupa Para Birimi
| EUR
|
İsveç Kronu
| SEK
|
Danimarka Kronu
| DKK
|"
https://www.isbank.com.tr/ilk-ticarim-hesabi,İlk Ticarim Hesabı | Türkiye İş Bankası,"El emeği göz nuru işinizle ilgilenirken; biz internet üzerinden gerçekleştirdiğiniz satışlarınıza ait vergi ödemelerini sizler adına gerçekleştirip işinizi kolaylaştırmak için buradayız.
İş Bankası’ndaki ticari hayatınıza “İlk Ticarim Hesabı"" açarak siz de adım atın.
Evde üretip internet ve sosyal medya üzerinden gerçekleştirdiğiniz satışlarda Esnaf Muafiyet Belgesi alınması halinde vergi indiriminden yararlanabilirsiniz. Satışlarınız üzerinden işçi çalıştırmıyorsanız %4, bir ve üzeri işçi çalıştırıyorsanız %2 oranında gelir vergisi tevkifatı Bankamızca hesabınızdan otomatik olarak yapılarak vergi ödemeniz gerçekleştirilir. Sizler de hesap özetinizde vergi kesinti işlemlerini görebilirsiniz.
Evden ürün satışı yapanlar için vergi muafiyeti var mı?
Evden ürettiklerini internet üzerinden satışa sunan kişiler için Kanun ile geçen Torba Yasa kapsamında vergi muafiyeti getirildi. Kanuna göre, ayrı bir işyeri açmaksızın oturdukları evde imal ettikleri malları imal eden ve bu malları internet veya benzeri elektronik ortamlar üzerinden satan kişiler, satış gelirleri yıllık toplam 240 bin TL’ye kadar ise satışları üzerinden %4, (bir ve üzeri işçi çalıştırıyorlarsa %2) oranında gelir vergisi kesintisi yapılacaktır. Yıllık toplam gelirleri 240 bin TL'yi geçtiğinde ise izleyen takvim yılı başından itibaren gerçek usulde vergilendirilir ve tekrar bu muafiyetten faydalanamazlar.
Evden satışta kimler vergi muafiyetinden yararlanabilir?
Ayrı bir işyeri açmaksızın, sanayi tipi veya seri üretim yapabilen makine ve alet kullanmaksızın, oturmakta oldukları evlerde imal etmiş oldukları malları internet ve benzeri ortamlar üzerinden satan kişiler gelir vergisi indiriminden yararlanabilecekler.
Evde imal etmeden, aldığı malları doğrudan online mecralarda satanlar bu vergi indiriminden yararlanabilecek mi?
Evde herhangi bir üretim yapmadan aldığı malları internetten satan kişiler esnaf vergi muafiyetinden yararlanamaz.
Esnaf Vergi Muafiyetinden yararlanmak için ne gerekiyor?
Evden ürettiklerini internet üzerinden satışa sunan kişilerin esnaf vergi muafiyetinden yararlanabilmesi için;
• Esnaf Vergi Muafiyeti Belgesi alması
• Türkiye’de kurulu bir bankada ticari hesap açması
gerekmektedir.
Kişilerin yapacakları tüm satışlara ait ödemeler ilgili ticari hesaba gerçekleştirilmelidir.
Bankamızda evden üretim yapıp internetten satış yapan kişilere özel “İlk Ticarim Hesabı"" açılmakta olup ticari hayata ilk adımını atan müşterilerimizin satışları üzerinden oluşacak vergi ödemeleri onlar adına Bankamızca gerçekleştirilecektir.
İlk Ticarim Hesabı üzerinden vergi ödemesi nasıl gerçekleştirilir?
Bankamızda açılacak İlk Ticarim Hesabı'na gelen tahsilatlar üzerinden işlem anında %4, (bir ve üzeri işçi çalıştırıyorlarsa %2) oranında otomatik olarak gelir vergisi tevkifatı yapılacak ve vergi ödemesi Bankamızca müşterilerimiz adına Gelir İdaresi Başkanlığı’na aktarılacaktır.
Esnaf Muafiyet Belgesi nasıl alınır?
Esnaf Muafiyet Belgesi’nin alınabilmesi için başvurular ikametgâh adresinin bulunduğu yerdeki vergi dairesine dilekçe ile yapılmaktadır.
İlk Ticarim Hesabı”na POS tahsisi yapılabilir mi?
“İlk Ticarim Hesabı"" Üye işyerinin bağlı bulunduğu ticari mevduat hesabı olarak seçilebilmektedir. Üye işyeri hesabı İlk Ticarim Hesabına bağlı olan müşterilerimize ise yalnızca Sanal POS tahsisi yapılabilmektedir."
https://www.isbank.com.tr/dijital-isim-hesabi,Dijital İşim Hesabı | Türkiye İş Bankası,"Sosyal içerik üreticiliği ile mobil cihazlar için uygulama geliştiriciliğinden sağladığınız kazançlara ilişkin vergi istisnasından yararlanmak için İş Bankası yanınızda!
İnternet ortamındaki sosyal ağ sağlayıcıları üzerinden metin, görüntü, ses, video gibi içerikler paylaşan sosyal içerik üreticilerinin bu faaliyetlerinden elde ettikleri kazançlar ile
Akıllı telefon veya tablet gibi mobil cihazlar için uygulama geliştirenlerin elektronik uygulama paylaşım ve satış platformları üzerinden elde ettikleri kazançlar için
gelir vergisi istisnası getirildi. Siz de “Dijital İşim Hesabı"" açarak vergi avantajından yararlanabilir, vergi ödemelerinizi kolayca takip edebilirsiniz.
Dijital İşim Hesabı Özellikleri
Vadesiz hesaptır.
Yalnızca şubelerimiz aracılığı ile açılabilmektedir.
Hesap açılışı için “193 Sayılı Kanunun Mükerrer 20/B Maddesi Uygulamasına İlişkin İstisna Belgesi” gereklidir.
Hesaba gelen tutarlar üzerinden işlem anında %15 vergi kesintisi otomatik olarak yapılmaktadır."
